STATUS,GENERAL_POPULATION,ORG_POC_AFTER_HOURS_PHONE,PET_ACCOMMODATIONS_CODE,FACILITY_TYPE,COUNTY_PARISH,FIPS_CODE,SCORE,INCIDENT_ID,SHELTER_CLOSED_DATE,MAILING_CITY,SHELTER_CODE,SUBFACILITY_CODE,SELF_SUFFICIENT_ELECTRICITY,ORG_POC_EMAIL,ORG_ORGANIZATION_NAME,MAILING_COUNTY_PARISH,ORG_ORGANIZATION_ID,ORG_ADDRESS,GEOX,INCIDENT_NAME,IN_500_YR_FLOODPLAIN,ORG_HOTLINE_PHONE,OBJECTID,MAILING_STATE,PET_POPULATION,ORG_HOURS_OF_OPERATION,ORG_POC_PHONE,OTHER_POPULATION_DESCRIPTION,ORG_ZIP,SHELTER_ID,SHELTER_OPEN_DATE,LOC_NAME,INCIDENT_NUMBER,TOTAL_POPULATION,GEOY,ORG_OTHER_PHONE,MAILING_ADDRESS_2,IN_SURGE_SLOSH_AREA,ZIP,MAILING_ADDRESS_1,ORG_MAIN_PHONE,ORG_EMAIL,LONGITUDE,MAILING_ZIP,STATE,POPULATION_CODE,PRE_LANDFALL_SHELTER,ADDRESS_1,INCIDENT_CODE,ORG_POC_NAME,MATCH_TYPE,ADDRESS_1_OLD,GENERATOR_ONSITE,ORG_STATE,CITY,POST_IMPACT_CAPACITY,IN_100_YR_FLOODPLAIN,ORG_FAX,REPORTING_PERIOD,EVACUATION_CAPACITY,SHELTER_NAME,ORG_CITY,OTHER_POPULATION,SHELTER_STATUS_CODE,WHEELCHAIR_ACCESSIBLE,MEDICAL_NEEDS_POPULATION,PET_ACCOMMODATIONS_DESC,DATA_SOURCE_ID,ADA_COMPLIANT,LATITUDE,MAIL_ADDR_SAME_AS_PHYS_ADDR,FACILITY_USAGE_CODE
M,6, , ,SHELTER,WASHINGTON, ,100,0,, ,GENERAL,GENPOPSHEL, , ,NORTHEAST TENNESSEE, ,121675,501 S WILCOX DRIVE,-82.34251602, , , ,1105, ,0,6-Aug, , ,37660,299531,1504828800000,Street, ,6,36.30697284, , , ,37604, , , ,-82.34251602, ,TN,GENERAL, ,219 UNIVERSITY PARKWAY, , ,A,219 UNIVERSITY PARKWAY, ,TN,JOHNSON CITY,75, , , ,150,UNIVERSITY PARKWAY BAPTIST CHURCH,KINGSPORT,0,OPEN,YES,0, ,0, ,36.30697284,YES,POST
M,0, , ,SHELTER,PALM BEACH, ,100,0,1505088000000, ,GENERAL,GENPOPSHEL, , ,GREATER PALM BEACH, ,121443,825 FERN ST,-80.09741254, , , ,1783, ,0,8:30 AM - 5:00PM, , ,33401,134853,1505088000000,Street, ,0,26.45903689, , , ,33445, , , ,-80.09741254, ,FL,GENERAL, ,2455 W Atlantic Ave, , ,A,2455 W Atlantic Ave, ,FL,DELRAY BEACH,0, , , ,5750,Atlantic High School,WEST PALM BEACH,0,OPEN, ,0, ,0, ,26.45903689,NO,EVAC
M,11, , ,SHELTER,LEVY, ,100,0,1505260800000, ,GENERAL,GENPOPSHEL,NO, ,NORTH CENTRAL FLORIDA CHAPTER, ,121652,1724 NE 2ND ST,-82.63952612, , , ,6089, ,0,8, , ,32609,134532,1505174400000,Street, ,11,29.45872552, , , ,32621, , , ,-82.63952612, ,FL,GENERAL, ,457 Court St., , ,A,457 Court St.,NO,FL,BRONSON,54, , , ,108,First Baptist Church,GAINESVILLE,0,OPEN, ,0, ,0, ,29.45872552,NO,BOTH
M,19, , ,SHELTER,SARASOTA, ,74,0,, ,GENERAL,GENPOPSHEL, , ,SOUTHWEST FLORIDA, ,121837,2001 CANTU CT,-82.43833879, , , ,6767, ,0,8, , ,34232,134357,1505088000000,Street, ,19,27.0818174, , , ,34285, , , ,-82.43833879, ,FL,GENERAL, ,400 EAST FIELD AVENUE, , ,A,400 EAST FIELD AVENUE, ,FL,VENICE,56, , , ,111,Grace United Methodist Church,SARASOTA,0,OPEN, ,0, ,0, ,27.0818174,YES,POST
M,452, , ,SHELTER,COLLIER, ,86,0,, ,GENERAL,GENPOPSHEL, , ,COLLIER COUNTY, ,121314,2610 NORTHBROOKE PLAZA DR,-81.42401146, , , ,7571, ,0,8, , ,34119,134282,1504828800000,Street, ,452,26.42585191, , , ,34142, , , ,-81.42401146, ,FL,GENERAL, ,701 Immokalee Rd, , ,A,701 Immokalee Rd, ,FL,IMMOKALEE,750, , , ,1500,Immokalee High School,NAPLES,0,OPEN, ,0, ,0, ,26.42585191,NO,BOTH
M,188, , ,SHELTER,POLK, ,100,1135,1505174400000, ,GENERAL,GENPOPSHEL, , ,POLK COUNTY FLORIDA, ,121732,147 Avenue A NW,-81.8431225,Hurricane Fay FL, , ,7902, ,,M-F  8:30a-4:30p, ,,33881,134839,1504915200000,Street,1785,188,27.88393171, , , ,33830, , , ,-81.8431225, ,FL,GENERAL, ,1270 S Broadway Ave,UNK, ,A,1270 S Broadway Ave,YES,FL,BARTOW,0, , ,OVERNIGHT,494,Bartow Senior High School,Winter Haven,,OPEN, ,, ,0, ,27.88393171,NO,EVAC
M,0, , ,SHELTER,MANATEE, ,81,0,1505174400000, ,GENERAL,GENPOPSHEL,NO, ,MANATEE COUNTY, ,121568,2905 59TH ST WEST,-82.44693631, , , ,7923, ,0,4-Sep, , ,34209,134399,1504828800000,Street, ,0,27.48566695, , ,NO,34212, , , ,-82.44693631, ,FL,GENERAL, ,9515 E STATE RD 64, , ,A,9515 E STATE RD 64,YES,FL,BRADENTON,882,NO, , ,1766,FREEDOM ELEMENTARY SCHOOL,BRADENTON,0,OPEN, ,0, ,0, ,27.48566695,YES,BOTH
M,0, , ,SHELTER,PUTNAM, ,100,915,1505088000000, ,GENERAL,GENPOPSHEL, , ,NORTHEAST FLORIDA CHAPTER, ,121667,751 RIVERSIDE AVE,-81.8865058,TRAINING-Emmitsburg, , ,8184, ,,8, ,,32204,134273,1504915200000,Street,93010,0,29.61841814, , , ,32148, , , ,-81.8865058, ,FL,GENERAL, ,251 S COUNTY RD 315,UNK, ,A,251 S COUNTY RD 315, ,FL,INTERLACHEN,200, , ,OVERNIGHT,400,Interlachen Elementary School,JACKSONVILLE,,OPEN, ,, ,0, ,29.61841814,YES,EVAC
M,139, , ,SHELTER,DUVAL, ,100,0,, ,GENERAL,GENPOPSHEL, , ,NORTHEAST FLORIDA CHAPTER, ,121667,751 RIVERSIDE AVE,-81.58664485, , , ,8548, ,0,8, , ,32204,134138,1504915200000,Street, ,139,30.18455934, , , ,32257, , , ,-81.58664485, ,FL,GENERAL, ,10600 HORNETS NEST RD, , ,A,10600 HORNETS NEST RD, ,FL,JACKSONVILLE,717, , , ,1433,MANDARIN OAKS ELEMENTARY SCHOOL,JACKSONVILLE,0,OPEN, ,0, ,0, ,30.18455934,NO,EVAC
M,7, , ,SHELTER,GLADES, ,87,0,, ,OTHER,GENPOPSHEL, , ,GREATER PALM BEACH, ,121443,825 FERN ST,-81.12295441, , , ,8998, ,0,8:30 AM - 5:00PM, , ,33401,134136,1504828800000,Street, ,7,26.83577189, , , ,33471, , , ,-81.12295441, ,FL,OTHER, ,12777 E State Rd 78, , ,A,12777 E State Rd 78, ,FL,MOORE HAVEN,200, , , ,0,Maple Grove Baptist Church,WEST PALM BEACH,0,OPEN, ,0, ,0, ,26.83577189,NO,POST
M,43, , ,SHELTER,COLUMBIA, ,74,0,, ,GENERAL,GENPOPSHEL, , ,NORTH CENTRAL FLORIDA CHAPTER, ,121652,1724 NE 2ND ST,-82.69550891, , , ,9862, ,0,8, , ,32609,134910,1504828800000,Street, ,43,30.26744086, , , ,32055, , , ,-82.69550891, ,FL,GENERAL, ,1324 NW Winfield St., , ,A,1324 NW Winfield St., ,FL,LAKE CITY,200, , , ,200,Winfield Community & Recreation Center,GAINESVILLE,0,OPEN, ,0, ,0, ,30.26744086,NO,POST
M,0, , ,SHELTER,PUTNAM, ,100,915,, ,GENERAL,GENPOPSHEL, , ,NORTHEAST FLORIDA CHAPTER, ,121667,751 RIVERSIDE AVE,-81.58158167,TRAINING-Emmitsburg, , ,10361, ,,8, ,,32204,134774,1504915200000,Street,93010,0,29.60856157, , , ,32187, , , ,-81.58158167, ,FL,GENERAL, ,100 BEAR BLVD,UNK, ,A,100 BEAR BLVD, ,FL,SAN MATEO,200, , ,OVERNIGHT,400,Browning - Pearce Elementary School,JACKSONVILLE,,OPEN, ,, ,0, ,29.60856157,NO,EVAC
M,0, , ,SHELTER,GILCHRIST, ,100,0,1505088000000, ,GENERAL,GENPOPSHEL, , ,NORTH CENTRAL FLORIDA CHAPTER, ,121652,1724 NE 2ND ST,-82.82962481, , , ,10583, ,0,8, , ,32609,134937,1504915200000,Street, ,0,29.61343589, , , ,32693, , , ,-82.82962481, ,FL,GENERAL, ,1350 SW State Rd 26, , ,A,1350 SW State Rd 26, ,FL,TRENTON,492, , , ,364,Trenton Elementary School,GAINESVILLE,0,OPEN, ,0, ,0, ,29.61343589,NO,BOTH
M,0, , ,SHELTER,DUVAL, ,100,,, ,GENERAL,GENPOPSHEL, , ,NORTHEAST FLORIDA CHAPTER, ,121667,751 RIVERSIDE AVE,-81.47049741,, , ,10868, ,,8, ,,32204,134719,1504915200000,Street,,0,30.26767468, , , ,32224, , , ,-81.47049741, ,FL,GENERAL, ,13200 CHETS CREEK BLVD,, ,A,13200 CHETS CREEK BLVD,YES,FL,JACKSONVILLE,685, , ,,1369,Chets Creek Elementary School,JACKSONVILLE,,OPEN,YES,, ,0, ,30.26767468,NO,EVAC
M,46, , ,SHELTER,LEE, ,81,0,, ,GENERAL,GENPOPSHEL, , ,LEE COUNTY FLORIDA, ,121538,"6310 TECHSTER BLVD, SUITE 7",-81.81761773, , , ,10983, ,0,8, , ,33912,134600,1505174400000,Street, ,46,26.59814403, , , ,33966, , , ,-81.81761773, ,FL,GENERAL, ,4750 WINKLER AVE EXT, , ,A,4750 WINKLER AVE EXT, ,FL,FORT MYERS,400, , , ,800,Dunbar Middle School,FORT MYERS,0,OPEN, ,0, ,0, ,26.59814403,NO,EVAC
M,0, , ,SHELTER,GILCHRIST, ,100,0,1505088000000, ,GENERAL,GENPOPSHEL, , ,NORTH CENTRAL FLORIDA CHAPTER, ,121652,1724 NE 2ND ST,-82.85472489, , , ,11241, ,0,8, , ,32609,134830,1504915200000,Street, ,0,29.75261497, , , ,32619, , , ,-82.85472489, ,FL,GENERAL, ,2771 E. Bell Ave, , ,A,2771 E. Bell Ave, ,FL,BELL,0, , , ,492,Bell Elementary School,GAINESVILLE,0,OPEN, ,0, ,0, ,29.75261497,NO,EVAC
M,0, , ,SHELTER,HENDRY, ,100,0,, ,GENERAL,GENPOPSHEL, , ,GREATER PALM BEACH, ,121443,825 FERN ST,-81.44620672, , , ,11253, ,0,8:30 AM - 5:00PM, , ,33401,134227,1505174400000,Street, ,0,26.76150587, , , ,33935, , , ,-81.44620672, ,FL,GENERAL, ,400 Hickpochee Ave, , ,A,400 Hickpochee Ave, ,FL,LABELLE,200, , , ,0,Labelle Civic Center,WEST PALM BEACH,0,OPEN, ,0, ,0, ,26.76150587,NO,POST
M,11, , ,SHELTER,CHATHAM, ,100,0,, ,GENERAL,GENPOPSHEL, , ,SAVANNAH CHAPTER, ,121779,906 Drayton St.,-81.15701174, , , ,16939, ,0, , , ,31401,140755,1505174400000,Street, ,11,32.108425, , , ,31408, , , ,-81.15701174, ,GA,GENERAL, ,100 Priscilla D. Thomas Way, , ,A,100 Priscilla D. Thomas Way, ,GA,GARDEN CTY,375, , , ,750,Groves High School,SAVANNAH,0,OPEN, ,0, ,0, ,32.108425,NO,POST
M,273, , ,SHELTER,CLAY, ,100,0,, ,GENERAL,GENPOPSHEL, , ,NORTHEAST FLORIDA CHAPTER, ,121667,751 RIVERSIDE AVE,-81.74520432, , , ,20726, ,0,8, , ,32204,135030,1504915200000,Street, ,273,30.1645854, , , ,32073, , , ,-81.74520432, ,FL,GENERAL, ,2300 Kingsley Ave., , ,A,2300 Kingsley Ave., ,FL,ORANGE PARK,0, , , ,612,Orange Park High School,JACKSONVILLE,0,OPEN, ,0, ,0, ,30.1645854,NO,EVAC
M,6, , ,SHELTER,FRANKLIN, ,100,0,, ,GENERAL,GENPOPSHEL,NO, ,GREATER COLUMBUS AREA CHAPTER, ,121431,995 E. BROAD ST.,-82.94141953, , , ,20940, ,0,8:30 - 5, , ,43205,193341,1504828800000,Street, ,6,39.99448095, , ,NO,43219, , , ,-82.94141953, ,OH,GENERAL, ,2600 Airport Drive, , ,A,1216 Sunbury Road,NO,OH,COLUMBUS,275,NO, , ,550,Ohio Dominican University,COLUMBUS,0,OPEN,YES,0, ,0, ,39.99448095,YES,BOTH
M,11, , ,SHELTER,HAMILTON, ,100,0,, ,GENERAL,GENPOPSHEL, , ,CHATTANOOGA-HAMILTON COUNTY CHAPTER, ,121285,801 MCCALLIE AVE,-85.15346394, , , ,23239, ,0,8, , ,37403,298973,1504742400000,Street, ,11,35.00637333, , , ,37421, , , ,-85.15346394, ,TN,GENERAL, ,7745 E. Brainerd Rd., , ,A,7745 E. Brainerd Rd., ,TN,CHATTANOOGA,156, , , ,200,East Brainerd Church Of Christ,CHATTANOOGA,0,OPEN,YES,0, ,0, ,35.00637333,YES,POST
M,70, , ,SHELTER,WARE, ,81,,, ,GENERAL,GENPOPSHEL, , ,SAVANNAH CHAPTER, ,121779,906 Drayton St.,-82.38371397,, , ,25657, ,, , ,,31401,140768,1504828800000,Street,,70,31.20858136, , , ,31501, , , ,-82.38371397, ,GA,GENERAL, ,700 Victory Drive,, ,A,700 Victory Drive, ,GA,WAYCROSS,1182, , ,,2362,Ware County High School,SAVANNAH,,OPEN, ,, ,0, ,31.20858136,YES,EVAC
M,7, , ,SHELTER,SUWANNEE, ,81,0,, ,GENERAL,GENPOPSHEL, , ,NORTH CENTRAL FLORIDA CHAPTER, ,121652,1724 NE 2ND ST,-83.00586495, , , ,25891, ,0,8, , ,32609,133720,1505174400000,Street, ,7,30.28990592, , , ,32064, , , ,-83.00586495, ,FL,GENERAL, ,1302 11th St SW, , ,A,1302 11th St SW,YES,FL,LIVE OAK,213, , , ,426,Suwannee Coliseum Complex,GAINESVILLE,0,OPEN, ,0, ,0, ,30.28990592,NO,BOTH
M,0, , ,SHELTER,Miami-Dade, ,100,0,1505174400000, ,OTHER,GENPOPSHEL, , ,GREATER MIAMI & THE KEYS, ,121441,335 SW 27TH AVE,-80.30557861, , , ,36425, ,0,8, , ,33135,134964,1505174400000,Street, ,0,25.72107122, , , ,33155, , , ,-80.30557861, ,FL,OTHER, ,6856 SW 53RD ST, , ,A,6856 SW 53RD ST, ,FL,MIAMI,0, , , ,1250,South Miami High School,MIAMI,0,OPEN, ,0, ,0, ,25.72107122,NO,EVAC
M,21, , ,SHELTER,TIFT, ,100,,, ,GENERAL,GENPOPSHEL, , ,SAVANNAH CHAPTER, ,121779,906 Drayton St.,-83.52650945,, , ,37823, ,, , ,,31401,140838,1504915200000,Street,,21,31.48665173, , , ,31794, , , ,-83.52650945, ,GA,GENERAL, ,2802 Moore Hwy.,, ,A,2802 Moore Hwy., ,GA,TIFTON,225, , ,,450,Abraham Baldwin Agricultural College - Gressette Gym,SAVANNAH,,OPEN, ,, ,0, ,31.48665173,YES,EVAC
M,133, , ,SHELTER,Jackson, ,100,0,, ,OTHER,GENPOPSHEL, , ,FLORIDA COAST TO COAST CHAPTER, ,121388,341 WHITE ST,-85.23128227, , , ,37947, ,0,8, , ,32114,134711,1505088000000,Street, ,133,30.78833717, , , ,32448, , , ,-85.23128227, ,FL,OTHER, ,3094 INDIAN CR, , ,A,3094 INDIAN CR, ,FL,MARIANNA,0, , , ,68,Chipola Junior College,DAYTONA BEACH,0,OPEN, ,0, ,0, ,30.78833717,YES,EVAC
M,0, , ,SHELTER,SEMINOLE, ,100,0,1505174400000, ,GENERAL,GENPOPSHEL, , ,CENTRAL FLORIDA, ,121258,FIVE NORTH BUMBY AVE,-81.32906104, , , ,38208, ,0,8, , ,32803,134823,1504828800000,Street, ,0,28.79381178, , , ,32771, , , ,-81.32906104, ,FL,GENERAL, ,2190 OREGON AVE, , ,A,2190 OREGON AVE, ,FL,SANFORD,187, , , ,375,Bentley Elementary School-psn/pet,ORLANDO,0,OPEN, ,0, ,0, ,28.79381178,YES,EVAC
M,241, , ,SHELTER,PINELLAS, ,100,0,, ,GENERAL,GENPOPSHEL,YES, ,TAMPA BAY CHAPTER, ,121874,3310 W MAIN ST,-82.77172646, , , ,44524, ,0,8, , ,33608,134599,1505088000000,Street, ,241,28.03617794, , ,NO,34698, , , ,-82.77172646, ,FL,GENERAL, ,1920 Pinehurst Rd, , ,A,1920 Pinehurst Rd,YES,FL,DUNEDIN,0,NO, , ,400,Dunedin Community Center,TAMPA,0,OPEN, ,0, ,0, ,28.03617794,YES,EVAC
M,35, , ,SHELTER,POLK, ,100,0,, ,GENERAL,GENPOPSHEL, , ,POLK COUNTY FLORIDA, ,121732,147 Avenue A NW,-81.69786401, , , ,46391, ,0,M-F  8:30a-4:30p, , ,33881,133846,1505260800000,Street, ,35,28.0039912, , , ,33884, , , ,-81.69786401, ,FL,GENERAL, ,1800 Cypress Gardens Blvd, , ,A,1800 Cypress Gardens Blvd, ,FL,WINTER HAVEN,0, , , ,175,Saint John's United Methodist Church,Winter Haven,0,OPEN, ,0, ,0, ,28.0039912,YES,EVAC
M,0, , ,SHELTER,Taylor, ,100,0,, ,OTHER,GENPOPSHEL, , ,CAPITAL AREA CHAPTER (FLORIDA), ,121246,187 OFFICE PLAZA DR,-83.56629133, , , ,49093, ,0,8:00 - 5:00, , ,32301,135175,1504742400000,Street, ,0,30.0803213, , , ,32348, , , ,-83.49968, ,FL,OTHER, ,204 FOREST PARK DR, , ,A,204 FOREST PARK DR, ,FL,PERRY,0, , , ,350,FOREST CAPITAL STATE MUSEUM,TALLAHASSEE,0,OPEN, ,0, ,0, ,29.92587173,NO,EVAC
M,0, , ,SHELTER,ORANGE, ,100,,1505174400000, ,GENERAL,GENPOPSHEL, , ,CENTRAL FLORIDA, ,121258,FIVE NORTH BUMBY AVE,-81.41156067,, , ,49728, ,,8, ,,32803,134398,1504915200000,Street,,0,28.41770811, , , ,32837, , , ,-81.42955559, ,FL,GENERAL, ,2500 TAFT VINELAND RD,, ,A,2500 TAFT VINELAND RD, ,FL,ORLANDO,218, , ,,436,Freedom High School,ORLANDO,,OPEN, ,, ,0, ,28.38022366,YES,EVAC
M,117, , ,SHELTER,COLLIER, ,100,842,, ,GENERAL,GENPOPSHEL, , ,COLLIER COUNTY, ,121314,2610 NORTHBROOKE PLAZA DR,-81.75340056,Hurricane Ike 9/08 TX, , ,49837, ,,8, ,,34119,134047,1504828800000,GPS,23809,117,26.26377257, , , ,34109, , , ,-81.76363496, ,FL,GENERAL, ,15000 Livingston Road,UNK, ,A,15000 Livingston Road, ,FL,NAPLES,150, , ,MIDDAY,300,North Collier Regional Park - People Shelter,NAPLES,,OPEN, ,, ,0, ,26.24080819,NO,BOTH
M,77, , ,SHELTER,SUMTER, ,100,0,, ,GENERAL-FUNCTIONAL-MEDICAL,GENPOPSHEL, , ,Florida Department of Health, ,119224,Emergency Medical Services,-82.05484829, , , ,50085, ,0, , , ,32399,70869,1504828800000,Street, ,77,28.64445272, , , ,33513, , , ,-82.15977215, ,FL,GENERAL-MEDICAL-FUNCTIONAL, ,7620 State Road 471, , ,A,7620 State Road 471, ,FL,BUSHNELL,0, , , ,500,Sumter Fairgrounds Cow Palace,Tallahassee,0,OPEN, ,0, ,0, ,28.68086308,NO,EVAC
M,19, , ,SHELTER,COLUMBIA, ,100,0,,FORT WHITE,GENERAL,GENPOPSHEL, , ,NORTH CENTRAL FLORIDA CHAPTER, ,121652,1724 NE 2ND ST,-82.71381285, , , ,50190,FL,0,8, , ,32609,335575,1505088000000,Street, ,19,29.93058445, , , ,32038,17828 SW State Road 47, , ,-82.70136453,32038,FL,GENERAL, ,17828 SW State Road 47, , ,A,17828 SW State Road 47, ,FL,FORT WHITE,0, , , ,2,Fort White High School,GAINESVILLE,0,OPEN, ,0, ,0, ,29.90209124,YES,EVAC
M,25, , ,SHELTER,BIBB, ,100,,1504742400000, ,GENERAL,GENPOPSHEL, , ,CENTRAL GEORGIA CHAPTER, ,121259,195 HOLT AVENUE,-83.67913961,, , ,50611, ,,8, ,,31201,139946,1504828800000,Street,,25,32.8843361, , , ,31210, , , ,-83.74028527, ,GA,GENERAL, ,815 N MACON PARK DR,, ,A,815 N MACON PARK DR, ,GA,MACON,522, , ,,1044,North Macon Park Community Center,MACON,,OPEN, ,, ,0, ,32.90738369,NO,BOTH
M,77, , ,SHELTER,LEVY, ,100,0,1505260800000, ,GENERAL,GENPOPSHEL, , ,NORTH CENTRAL FLORIDA CHAPTER, ,121652,1724 NE 2ND ST,-82.63117982, , , ,51308, ,0,8, , ,32609,134778,1504828800000,GPS, ,77,29.46362322, , , ,32621, , , ,-82.66226659, ,FL,GENERAL, ,400 Ishie Ave, , ,A,400 Ishie Ave, ,FL,BRONSON,0, , , ,260,Bronson Elementary School,GAINESVILLE,0,OPEN, ,0, ,0, ,29.38820688,NO,EVAC
M,76, , ,SHELTER,PINELLAS, ,100,3448,1505174400000, ,GENERAL,GENPOPSHEL,YES, ,TAMPA BAY CHAPTER, ,121874,3310 W MAIN ST,-82.79166072,TS Isaac 8/12 FL, , ,51711, ,,8, ,,33608,133873,1504915200000,Street,71013,76,27.94396377, , ,NO,33756, , , ,-82.7888239, ,FL,GENERAL, ,1426 S. MLK  Jr. Ave,UNK, ,A,1426 S. MLK  Jr. Ave,YES,FL,CLEARWATER,0,NO, ,OVERNIGHT,689,Ross Norton Rec Center,TAMPA,,OPEN, ,, ,0, ,27.94449352,YES,EVAC
M,0, , ,SHELTER,LEVY, ,100,0,1505174400000, ,GENERAL,GENPOPSHEL, , ,NORTH CENTRAL FLORIDA CHAPTER, ,121652,1724 NE 2ND ST,-82.63556212, , , ,53161, ,0,8, , ,32609,134777,1504915200000,Street, ,0,29.44677087, , , ,32621, , , ,-82.66226659, ,FL,GENERAL, ,1 Eagle Dr, , ,A,1 Eagle Dr, ,FL,BRONSON,90, , , ,180,Bronson Middle School,GAINESVILLE,0,OPEN, ,0, ,0, ,29.38820688,NO,EVAC
M,177, , ,SHELTER,OSCEOLA, ,100,0,, ,OTHER,GENPOPSHEL, , ,CENTRAL FLORIDA, ,121258,FIVE NORTH BUMBY AVE,-81.36867558, , , ,55598, ,0,8, , ,32803,135026,1505174400000,Street, ,177,28.2972951, , , ,34741, , , ,-81.42498136, ,FL,OTHER, ,1901 Chief Osceola Rd, , ,A,1901 CHIEF OSCEOLA RD, ,FL,KISSIMMEE,50, , , ,100,Osceola Heritage Park Expo Center,ORLANDO,0,OPEN, ,0, ,0, ,28.30463938,NO,EVAC
,150,,,SHELTER,MARION,,,,,,,GENPOPSHEL,NO,,Marion County,,119235,700 NW 30th Ave,-82.065,,,,66116,,,,,,34478,350209,1504915200000,GPS,,150,29.144000000000002,,,NO,34480,,,,29.144326,,FL,,,5000 SE Maricamp Road,,,,5000 SE Maricamp Road,NO,FL,OCALA,1233,NO,,,1233,Forest High School,Ocala,,OPEN,NO,,,101,,-82.064881,YES,BOTH
,0,,,SHELTER,MARION,,,,,,,GENPOPSHEL,YES,,Marion County,,119235,700 NW 30th Ave,-82.152,,,,66123,,,,,,34478,350213,1504915200000,GPS,,0,29.19,,,NO,34475,,,,29.190002999999997,,FL,,,401 NW Martin Luther King Jr. Avenue,,,,401 NW Martin Luther King Jr. Avenue,NO,FL,OCALA,370,,,,370,Madison Street Academy,Ocala,,OPEN,NO,,,101,,-82.152397,YES,BOTH
M,211,,,SHELTER,Marion,,100,,,,,GENPOPSHEL,,,Florida Coast To Coast Chapter,,121388,341 WHITE ST,-82.41935785,,,,66398,,,8,,,32114,350493,1505001600000,Street,,211,29.07889068,,,,34432,,,,0,,FL,,,10055 SW 180TH AVE RD,,,A,10055 SW 180TH AVE RD,,FL,Dunnellon,0,,,,0,DUNNELLON HIGH SCHOOL,DAYTONA BEACH,,OPEN,,,,101,,0,NO,EVAC
M,468,,,SHELTER,Marion,,100,,,,,GENPOPSHEL,,,Florida Coast To Coast Chapter,,121388,341 WHITE ST,-81.97979391,,,,66406,,,8,,,32114,350489,1504915200000,Street,,468,29.07678143,,,,34472,,,,0,,FL,,,10351 SE MARICAMP RD,,,A,10351 SE MARICAMP RD,,FL,Ocala,0,,,,0,LAKE WEIR HIGH SCHOOL,DAYTONA BEACH,,OPEN,,,,101,,0,NO,EVAC
M,45, , ,SHELTER,BIBB, ,100,0,1504742400000, ,GENERAL,GENPOPSHEL, , ,CENTRAL GEORGIA CHAPTER, ,121259,195 HOLT AVENUE,-83.60428589, , , ,68629, ,0,8, , ,31201,139931,1504742400000,GPS, ,45,32.80601425, , , ,31201, , , ,-83.62482993, ,GA,GENERAL, ,3326 OCMULGEE E BLVD, , ,A,31217 OCMULGEE E BLVD, ,GA,MACON,488, , , ,976,East Macon Recreation Center,MACON,0,OPEN, ,0, ,0, ,32.82726353,NO,BOTH
M,560, , ,SHELTER,LEE, ,100,0,, ,GENERAL,GENPOPSHEL, , ,LEE COUNTY FLORIDA, ,121538,"6310 TECHSTER BLVD, SUITE 7",-81.76685783, , , ,68722, ,0,8, , ,33912,134889,1504915200000,GPS, ,560,26.46598908, , , ,33913, , , ,-81.85709964, ,FL,GENERAL, ,12181 FGCU Lake Parkway E, , ,A,10501 FGCU (FLORIDA GULF COAST UNIVERSITY) BLVD S, ,FL,FORT MYERS,900, , , ,1825,Alico Arena,FORT MYERS,0,OPEN, ,0, ,0, ,26.63174718,NO,EVAC
M,600, , ,SHELTER,MIAMI-DADE, ,100,0,, ,GENERAL,GENPOPSHEL,YES, ,GREATER MIAMI & THE KEYS, ,121441,335 SW 27TH AVE,-80.35939705, , , ,69207, ,0,8, , ,33135,135177,1504742400000,GPS, ,600,25.73506569, , ,NO,33165, , , ,-80.35943759, ,FL,GENERAL, ,11200 SOUTH WEST 8TH STREET, , ,A,11200 SOUTH WEST 8TH STREET,YES,FL,MIAMI,1281,YES, , ,3563,Florida International University Monroe Host,MIAMI,0,OPEN,YES,0, ,0, ,25.73503775,YES,BOTH
M,0, , ,SHELTER,BREVARD, ,100,4681,, ,GENERAL,GENPOPSHEL,YES, ,SPACE COAST, ,121848,1700 Cedar Street,-80.72617373,"SE FL 07/14 Hurricanes, Tropical Storms, Typhoons - BREVARD", , ,69426, ,,0830 to 1630, ,,32955,133623,1501545600000,GPS,FL0714-01,0,28.23078268, , ,NO,32940, , , ,-80.69872626, ,FL,GENERAL, ,2300 Judge Fran Jamieson Way,UNK, ,A,6288 Athletics Lane,YES,FL,MELBOURNE,0,NO, ,OVERNIGHT,100,Viera Regional Park Community Center,Rockledge,,OPEN,YES,, ,0, ,28.22667685,YES,EVAC
,600,,,SHELTER,MIAMI-DADE,,,,,,,GENPOPSHEL,,,,,,,-80.35943759,,,,71893,,,,,,,352475,1504656000000,Zipcode,,600,25.73503775,,,NO,33165,,,,0,,FL,,,10901 CORAL WAY,,,,10901 CORAL WAY,,,MIAMI,4300,NO,,,0,MIAMI DADE COUNTY EXPO FAIR CENTER,,,OPEN,,,,101,,0,NO,POST
,89,,,SHELTER,HILLSBOROUGH,,,,,,,GENPOPSHEL,,,,,,,-82.4735208,,,,71999,,,,,,,352581,1505174400000,GPS,,89,27.937509,,,YES,33606,,,,-82.4735208,,FL,,,1306 W Swann Ave,,,,1309 W Swann Ave,,,TAMPA,184,,,,0,Hyde Park Presbyterian Church,,,OPEN,,,,101,,27.937509,YES,POST
,39,,,SHELTER,DUVAL,,,,,,,GENPOPSHEL,,,,,,,-81.638588,,,,160396,,,,,,,356222,1504915200000,GPS,,39,30.300027,,,YES,32207,,,,30.300027,,FL,,,2445 San Diego Rd,,,,2445 San Diego Rd,,,JACKSONVILLE,0,YES,,,200,Douglas Anderson School,,,OPEN,YES,,,101,,-81.638588,YES,EVAC
,10,,,SHELTER,BALDWIN,,,,,,,GENPOPSHEL,NO,,,,,,-87.6236081,,,,220639,,,,,,,357302,1505260800000,GPS,,10,31.0225154,,,NO,36562,,,,-87.6236081,,AL,,,54681 Lottie Rd.,,,,54681 Lottie Rd.,NO,,PERDIDO,52,NO,,,0,Morning Dove Baptist Church,,,OPEN,YES,,,101,,31.0225154,YES,POST
,13,,,SHELTER,PEACH,,,,,,,GENPOPSHEL,,,,,,,,,,,264209,,,,,,,358488,1504915200000,GPS,,13,,,,,31030,,,,-83.8832628,,GA,,,1770 US Hwy 341,,,, ,,,FORT VALLEY,1,,,,2,Peach County Fire Station #6,,,OPEN,,,,101,,32.5504367,NO,BOTH
,0,,,SHELTER,HENDRY,,,,,,,GENPOPSHEL,,,,,,,,,,,303643,,,,,,,360610,1504828800000,GPS,,0,,,,,33935,,,,-81.3994122,,FL,,,4050 Cowboy Way,,,, ,,,LA BELLE,300,,,,300,La Belle High,,,OPEN,,,,101,,26.7493038,YES,BOTH
,0,,,SHELTER,SAINT JOHNS,,,,,,,GENPOPSHEL,,,,,,,,,,,303659,,,,,,,360612,1504915200000,GPS,,0,,,,,32259,,,,-81.609402,,FL,,,7399 Long Leaf Pine Parkway,,,, ,,,ST JOHNS,500,,,,500,Bartram Trail High School,,,OPEN,,,,101,,30.044442,YES,BOTH
,0,,,SHELTER,HILLSBOROUGH,,,,,,,GENPOPSHEL,,,,,,,,,,,303694,,,,,,,360618,1504915200000,GPS,,0,,,,,33570,,,,-82.3699092,,FL,,,15732 Beth Shields Ways,,,, ,,,RUSKIN,300,,,,300,Sheilds Middle,,,OPEN,,,,101,,27.7400815,YES,BOTH
,16,,,SHELTER,HOUSTON,,,,,,,GENPOPSHEL,,,,,,,,,,,303935,,,,,,,360644,1504828800000,GPS,,16,,,,,36303,,,,-85.4260525,,AL,,,1951 Westgate Parkway,,,, ,,,DOTHAN,1,,,,2,Heritage Baptist Church,,,OPEN,,,,101,,31.2605824,NO,BOTH
,66,,,SHELTER,CLAY,,,,,,,GENPOPSHEL,,,,,,,-81.94388,,,,303977,,,,,,,360665,1505001600000,Street,,66,30.08206,,,,32068,,,,-81.94388,,FL,,,4965 Co Rd 218,,,, ,,,MIDDLEBURG,0,,,,1,Wilkinson Elementary,,,OPEN,,,,101,,30.08206,NO,EVAC
,10,,,SHELTER,HIGHLANDS,,,,,,,GENPOPSHEL,,,,,,,,,,,304308,,,,,,,360688,1505001600000,GPS,,10,,,,,33870,,,,-81.4345794,,FL,,,781 Magnolia Ave,,,, ,,,SEBRING,300,,,,300,Highlands News-Sun Center - Fair Grounds,,,OPEN,,,,101,,27.4879917,YES,BOTH
,100,,,SHELTER,CULLMAN,,,,,,,GENPOPSHEL,,,,,,,,,,,304365,,,,,,,360698,1505001600000,GPS,,100,,,,,35179,,,,-87.0002252,,AL,,,15719 Al Hwy 157,,,, ,,,VINEMONT,1,,,,2,Camp Liberty,,,OPEN,,,,101,,34.2900407,NO,BOTH
,37,,,SHELTER,DAVIDSON,,,,,,,GENPOPSHEL,,,,,,,,,,,304395,,,,,,,360713,1536537600000,GPS,,37,,,,,37203,,,,-86.7610844,,TN,,,404 Wingrove St,,,, ,,,NASHVILLE,100,,,,0,FULL - Al Mahdi Islamic Center,,,OPEN,,,,101,,36.1357165,YES,POST
,50,,,SHELTER,SARASOTA,,,,1504915200000,,,GENPOPSHEL,,,,,,,-82.23008999999999,,,,304447,,,,,,,360714,1505088000000,Street,,50,27.07292,,,,34291,,,,-82.23008999999999,,FL,,,6501 W. Price Blvd.,,,, ,,,NORTH PORT,1,,,,1,Herron Creek Middle School,,,OPEN,,,,101,,27.07292,NO,BOTH
,0,,,SHELTER,SARASOTA,,,,,,,GENPOPSHEL,,,,,,,,,,,304571,,,,,,,360739,1505088000000,GPS,,0,,,,,34230,,,,-82.5367885,,FL,,,1661 Main st,,,, ,,,SARASOTA,300,,,,300,First Baptist,,,OPEN,,,,101,,27.3370349,YES,BOTH
,30,,,SHELTER,PALM BEACH,,,,1505174400000,,,GENPOPSHEL,,,,,,,-80.66838,,,,304587,,,,,,,360742,1505088000000,Street,,30,26.688209999999998,,,,33430,,,,-80.66838,,FL,,,17 NW avenue B,,,, ,,,BELLE GLADE,1,,,,1,First Baptist Church,,,OPEN,,,,101,,26.688209999999998,NO,BOTH
,79,,,SHELTER,SEMINOLE,,,,,,,GENPOPSHEL,,,,,,,-81.33771999999999,,,,304619,,,,,,,360744,1505174400000,Street,,79,28.685869999999998,,,,32750,,,,-81.33771999999999,,FL,,,530 Dog Track Rd,,,, ,,,LONGWOOD,147,NO,,,0,Northland Church,,,OPEN,,,,101,,28.685869999999998,YES,POST
,5,,,SHELTER,BLOUNT,,,,,,,GENPOPSHEL,,,,,,,,,,,304635,,,,,,,360746,1505174400000,GPS,,5,,,,,37801,,,,-84.0343621,,TN,,,2146 Big Springs Road,,,, ,,,MARYVILLE,10,,,,0,Alnwick Community Center,,,OPEN,,,,101,,35.7492364,NO,POST
,34,,,SHELTER,SAINT LUCIE,,,,1505174400000,,,GENPOPSHEL,,,,,,,-80.3416,,,,304636,,,,,,,360745,1505174400000,Street,,34,27.48094,,,,34947,,,,-80.3416,,FL,,,2902 D St.,,,, ,,,FORT PIERCE,325,,,,650,Percy Peak Gym,,,OPEN,,,,101,,27.48094,NO,BOTH
,98,,,SHELTER,LEE,,,,,,,GENPOPSHEL,,,,,,,,,,,304683,,,,,,,360749,1505174400000,GPS,,98,,,,,33903,,,,-81.8882138,,FL,,,2000 N. Recreation Way,,,, ,,,N FORT MYERS,1,,,,0,North Fort Myers Recreation Center,,,OPEN,,,,101,,26.6884068,NO,POST
,0,,,SHELTER,LAKE,,,,,,,GENPOPSHEL,,,,,,,,,,,304715,,,,,,,360753,1505174400000,GPS,,0,,,,,32735,,,,-81.73639399999999,,FL,,,13229 County Rd 44,,,, ,,,GRAND ISLAND,1,,,,0,Grand Isle Baptist Church,,,OPEN,,,,101,,28.883350999999998,NO,POST
,0,,,SHELTER,PUTNAM,,,,,,,GENPOPSHEL,,,,,,,,,,,304907,,,,,,,360757,1505174400000,GPS,,0,,,,,32177,,,,-81.7000773,,FL,,,7220 Prc Way,,,, ,,,PALATKA,300,,,,300,Putnam Business Complex Building,,,OPEN,,,,101,,29.648972999999998,YES,BOTH
,0,,,SHELTER,ALACHUA,,,,,,,GENPOPSHEL,,,,,,,,,,,304924,,,,,,,360759,1505260800000,GPS,,0,,,,,32643,,,,-82.5598199,,FL,,,916 NW US 442,,,, ,,,HIGH SPRINGS,1,,,,0,Fellowship Baptist Church,,,OPEN,,,,101,,29.8111567,YES,POST
,10,,,SHELTER,SARASOTA,,,,,,,GENPOPSHEL,,,,,,,,,,,304939,,,,,,,360761,1505260800000,GPS,,10,,,,,34286,,,,-82.2048051,,FL,,,1602 Kramer Way,,,, ,,,NORTH PORT,175,,,,350,George Mullen Activity Center,,,OPEN,,,,101,,27.0740022,NO,BOTH
